id;username;password;email;phone_number;reset_token;reset_token_created_at;otp_code;otp_code_created_at;otp_code_expired_at;otp_is_verified;remember_token;is_remembered;device_info;created_at;updated_at;status
1;Optimization next-generation;Automotive synthesizing;Corene84@yahoo.com;parallelism;Bike Guarani;2024-12-21T16:07:00;Bike;2024-12-21T16:32:19;2024-12-22T03:46:12;false;Brand;true;Loan incentivize;2024-12-21T19:29:10;2024-12-21T16:25:39;approach
2;Computer mint implement;Organized Bahraini;Stephan57@yahoo.com;Manor;Oro;2024-12-22T08:44:33;iterate Granite defect;2024-12-22T14:02:16;2024-12-22T06:44:43;true;Agent;true;navigating Rubber;2024-12-22T01:35:42;2024-12-22T03:34:15;system
3;quantify Turkey;Loan Pizza navigate;Gerry.Towne59@hotmail.com;Car;Bacon;2024-12-21T20:33:31;Steel Arkansas;2024-12-22T09:20:00;2024-12-22T04:21:49;false;withdrawal;false;benchmark redundant Practical;2024-12-22T09:15:57;2024-12-22T06:21:35;blue override attitude-oriented
4;Iceland;navigate;Napoleon_Nienow2@hotmail.com;Movies Principal;Avon Drive;2024-12-21T15:55:18;Rubber Mews calculate;2024-12-22T12:21:01;2024-12-21T16:02:23;false;THX;false;e-business;2024-12-22T04:52:55;2024-12-21T23:15:15;Montserrat multi-byte
5;e-services online Practical;world-class Account attitude;Keith_Kunze@yahoo.com;Steel Balanced orchid;Handcrafted Specialist;2024-12-22T00:03:34;Investor bluetooth;2024-12-21T16:30:36;2024-12-21T16:46:17;false;Beauty;true;drive;2024-12-22T09:34:00;2024-12-22T14:22:43;Buckinghamshire Versatile overriding
6;Delaware innovative sensor;hour drive Bouvet;Godfrey.Dicki65@yahoo.com;Rustic Wyoming Mississippi;Courts;2024-12-21T17:10:48;Shore lime port;2024-12-22T10:45:00;2024-12-22T02:31:09;true;Tuna maximize;false;Senior Account Borders;2024-12-22T09:26:06;2024-12-22T13:23:46;blockchains Bedfordshire
7;help-desk Planner Operations;cultivate;Virginie_Nikolaus@gmail.com;Auto;deploy;2024-12-22T11:54:56;Home;2024-12-22T08:49:28;2024-12-22T00:09:43;false;ivory payment;true;Berkshire connect intuitive;2024-12-22T01:53:24;2024-12-22T03:42:34;generate New Principal
8;Wooden;backing Brand mindshare;Rosemarie13@yahoo.com;Music Fantastic 1080p;Wisconsin back-end;2024-12-21T16:01:27;up Port;2024-12-22T08:02:43;2024-12-21T15:03:17;true;Metal Dominican;true;drive;2024-12-22T07:43:15;2024-12-22T11:19:45;users success
9;SDD;copying moratorium Operations;Bruce.Torphy77@yahoo.com;Home;Checking Berkshire Jewelery;2024-12-22T03:18:31;Extended Diverse index;2024-12-21T22:30:05;2024-12-22T05:41:37;false;Sleek;false;Pizza Turkey payment;2024-12-22T08:53:37;2024-12-22T02:03:52;input Marketing hacking
10;scale Borders Sports;cyan panel;Gordon98@gmail.com;group Checking;Sausages mobile invoice;2024-12-21T23:25:30;navigate redundant;2024-12-21T16:20:53;2024-12-21T18:33:56;true;Virginia Gardens Usability;true;Toys Account indigo;2024-12-22T12:42:35;2024-12-21T23:43:32;Practical Tactics synergistic
